<?xml version="1.0" encoding="UTF-8"?>
<project-private xmlns="http://www.netbeans.org/ns/project-private/1">
    <editor-bookmarks xmlns="http://www.netbeans.org/ns/editor-bookmarks/2" lastBookmarkId="1">
        <file>
            <url>resources/views/layouts/myapp2.blade.php</url>
            <bookmark id="1">
                <name/>
                <line>88</line>
                <key/>
            </bookmark>
        </file>
    </editor-bookmarks>
    <open-files xmlns="http://www.netbeans.org/ns/projectui-open-files/2">
        <group>
            <file>file:/C:/xampp/htdocs/instituto/resources/assets/sass/homeEmpresa.scss</file>
            <file>file:/C:/xampp/htdocs/instituto/app/Http/Controllers/PublicarOfertaController.php</file>
            <file>file:/C:/xampp/htdocs/instituto/resources/views/publicarEmpleos/index.blade.php</file>
            <file>file:/C:/xampp/htdocs/instituto/resources/views/welcome.blade.php</file>
            <file>file:/C:/xampp/htdocs/instituto/resources/views/informes/index.blade.php</file>
            <file>file:/C:/xampp/htdocs/instituto/app/Pempresa.php</file>
            <file>file:/C:/xampp/htdocs/instituto/database/migrations/2017_09_27_145540_create_pempresas_table.php</file>
        </group>
    </open-files>
</project-private>
