<?xml version="1.0" encoding="UTF-8"?>
<project-private xmlns="http://www.netbeans.org/ns/project-private/1">
    <editor-bookmarks xmlns="http://www.netbeans.org/ns/editor-bookmarks/2" lastBookmarkId="1">
        <file>
            <url>resources/views/layouts/myapp2.blade.php</url>
            <bookmark id="1">
                <name/>
                <line>88</line>
                <key/>
            </bookmark>
        </file>
    </editor-bookmarks>
    <open-files xmlns="http://www.netbeans.org/ns/projectui-open-files/2">
        <group>
            <file>file:/C:/xampp/htdocs/instituto/routes/web.php</file>
            <file>file:/C:/xampp/htdocs/instituto/config/app.php</file>
            <file>file:/C:/xampp/htdocs/instituto/app/Http/Controllers/PostularController.php</file>
            <file>file:/C:/xampp/htdocs/instituto/app/Http/Controllers/EmpleosController.php</file>
            <file>file:/C:/xampp/htdocs/instituto/resources/views/emails/postular.blade.php</file>
            <file>file:/C:/xampp/htdocs/instituto/app/User.php</file>
        </group>
    </open-files>
</project-private>
